kind	key	english	visible_len	max_visible	ptbr
item name	3JLV	[bladesymbol]Wood_Sword	11	11	
item name	3JLg	[bladesymbol]Iron_Blade	11	11	
item name	3JLr	[bladesymbol]SteelSaber	11	11	
item name	3JM2	[bladesymbol]Lode_Sword	11	11	
item name	3JMD	[bladesymbol]Red_Katana	11	11	
item name	3JMO	[bladesymbol]Flint_Edge	11	11	
item name	3JMZ	[bladesymbol]Dark_Saber	11	11	
item name	3JMk	[bladesymbol]Aeon_Blade	11	11	
item name	3JMv	[bladesymbol]Demon_Edge	11	11	
item name	3JN6	[bladesymbol]AlloyBlade	11	11	
item name	3JNH	[bladesymbol]Star_Sword	11	11	
item name	3JNS	[bladesymbol]VedicBlade	11	11	
item name	3JNd	[bladesymbol]Kali_Blade	11	11	
item name	3JNo	[bladesymbol]Shiva_Edge	11	11	
item name	3JNz	[bladesymbol]Bolt_Sword	11	11	
item name	3JOA	[bladesymbol]Slasher	8	11	
item name	3JOL	[bowsymbol]Bronze_Bow	11	11	
item name	3JOW	[bowsymbol]Iron_Bow	9	11	
item name	3JOh	[bowsymbol]Lode_Bow	9	11	
item name	3JOs	[bowsymbol]Robin_Bow	10	11	
item name	3JP3	[bowsymbol]Sage_Bow	9	11	
item name	3JPE	[bowsymbol]Dream_Bow	10	11	
item name	3JPP	[bowsymbol]CometArrow	11	11	
item name	3JPa	[bowsymbol]SonicArrow	11	11	
item name	3JPl	[bowsymbol]Valkerye	9	11	
item name	3JPw	[bowsymbol]Siren	6	11	
item name	3JQ7	[bowsymbol]	1	11	
item name	3JQI	[bowsymbol]	1	11	
item name	3JQT	[bowsymbol]	1	11	
item name	3JQe	[bowsymbol]	1	11	
item name	3JQp	[gunsymbol]Air_Gun	8	11	
item name	3JR0	[gunsymbol]Dart_Gun	9	11	
item name	3JRB	[gunsymbol]Auto_Gun	9	11	
item name	3JRM	[gunsymbol]PicoMagnum	11	11	
item name	3JRX	[gunsymbol]Plasma_Gun	11	11	
item name	3JRi	[gunsymbol]Ruby_Gun	9	11	
item name	3JRt	[gunsymbol]Dream_Gun	10	11	
item name	3JS4	[gunsymbol]Megablast	10	11	
item name	3JSF	[gunsymbol]Shock_Wave	11	11	
item name	3JSQ	[gunsymbol]WonderShot	11	11	
item name	3JSb	[gunsymbol]Graedus	8	11	
item name	3JSm	[gunsymbol]	1	11	
item name	3JSx	[gunsymbol]	1	11	
item name	3JT8	[gunsymbol]	1	11	
item name	3JTJ	[gunsymbol]	1	11	
item name	3JTU	[armsymbol]Tin_Arm	8	11	
item name	3JTf	[armsymbol]Hammer_Arm	11	11	
item name	3JTq	[armsymbol]MirageHand	11	11	
item name	3JU1	[armsymbol]Stone_Arm	10	11	
item name	3JUC	[armsymbol]DoomFinger	11	11	
item name	3JUN	[armsymbol]Magma_Hand	11	11	
item name	3JUY	[armsymbol]MegatonArm	11	11	
item name	3JUj	[armsymbol]Big_Hand	9	11	
item name	3JUu	[armsymbol]Kaiser_Arm	11	11	
item name	3JV5	[armsymbol]Giga_Arm	9	11	
item name	3JVG	[armsymbol]Terra_Arm	10	11	
item name	3JVR	[armsymbol]Crisis_Arm	11	11	
item name	3JVc	[armsymbol]	1	11	
item name	3JVn	[swordsymbol]BronzeEdge	11	11	
item name	3JVy	[swordsymbol]Iron_Sword	11	11	
item name	3JW9	[swordsymbol]Masamune	9	11	
item name	3JWK	[swordsymbol]FlashBlade	11	11	
item name	3JWV	[swordsymbol]Pearl_Edge	11	11	
item name	3JWg	[swordsymbol]Rune_Blade	11	11	
item name	3JWr	[swordsymbol]BraveSword	11	11	
item name	3JX2	[swordsymbol]Masamune	9	11	
item name	3JXD	[swordsymbol]Demon_Hit	10	11	
item name	3JXO	[fistsymbol]Fist	5	11	
item name	3JXZ	[fistsymbol]Fist	5	11	
item name	3JXk	[fistsymbol]Fist	5	11	
item name	3JXv	[fistsymbol]Iron_Fist	10	11	
item name	3JY6	[fistsymbol]BronzeFist	11	11	
item name	3JYH	[fistsymbol]	1	11	
item name	3JYS	[fistsymbol]	1	11	
item name	3JYd	[scythesymbol]DarkScythe	11	11	
item name	3JYo	[scythesymbol]Hurricane	10	11	
item name	3JYz	[scythesymbol]StarScythe	11	11	
item name	3JZA	[scythesymbol]DoomSickle	11	11	
item name	3JZL	[bladesymbol]Mop	4	11	
item name	3JZW	[swordsymbol]Bent_Sword	11	11	
item name	3JZh	[swordsymbol]Bent_Hilt	10	11	
item name	3JZs	[swordsymbol]Masamune	9	11	
item name	3Ja3	[bladesymbol]Swallow	8	11	
item name	3JaE	[bladesymbol]Slasher_2	10	11	
item name	3JaP	[bladesymbol]Rainbow	8	11	
item name	3JbT	[armorsymbol]Hide_Tunic	11	11	
item name	3Jbe	[armorsymbol]Karate_Gi	10	11	
item name	3Jbp	[armorsymbol]BronzeMail	11	11	
item name	3Jc0	[armorsymbol]MaidenSuit	11	11	
item name	3JcB	[armorsymbol]Iron_Suit	10	11	
item name	3JcM	[armorsymbol]Titan_Vest	11	11	
item name	3JcX	[armorsymbol]Gold_Suit	10	11	
item name	3Jci	[armorsymbol]Ruby_Vest	10	11	
item name	3Jct	[armorsymbol]Dark_Mail	10	11	
item name	3Jd4	[armorsymbol]Mist_Robe	10	11	
item name	3JdF	[armorsymbol]Meso_Mail	10	11	
item name	3JdQ	[armorsymbol]Lumin_Robe	11	11	
item name	3Jdb	[armorsymbol]Flash_Mail	11	11	
item name	3Jdm	[armorsymbol]Lode_Vest	10	11	
item name	3Jdx	[armorsymbol]Aeon_Suit	10	11	
item name	3Je8	[armorsymbol]ZodiacCape	11	11	
item name	3JeJ	[armorsymbol]Nova_Armor	11	11	
item name	3JeU	[armorsymbol]PrismDress	11	11	
item name	3Jef	[armorsymbol]Moon_Armor	11	11	
item name	3Jeq	[armorsymbol]Ruby_Armor	11	11	
item name	3Jf1	[armorsymbol]RavenArmor	11	11	
item name	3JfC	[armorsymbol]Gloom_Cape	11	11	
item name	3JfN	[armorsymbol]White_Mail	11	11	
item name	3JfY	[armorsymbol]Black_Mail	11	11	
item name	3Jfj	[armorsymbol]Blue_Mail	10	11	
item name	3Jfu	[armorsymbol]Red_Mail	9	11	
item name	3Jg5	[armorsymbol]White_Vest	11	11	
item name	3JgG	[armorsymbol]Black_Vest	11	11	
item name	3JgR	[armorsymbol]Blue_Vest	10	11	
item name	3Jgc	[armorsymbol]Red_Vest	9	11	
item name	3Jgn	[armorsymbol]Taban_Vest	11	11	
item name	3Jgy	[armorsymbol]Taban_Suit	11	11	
item name	3JhK	[helmsymbol]Hide_Cap	9	11	
item name	3JhV	[helmsymbol]BronzeHelm	11	11	
item name	3Jhg	[helmsymbol]Iron_Helm	10	11	
item name	3Jhr	[helmsymbol]Beret	6	11	
item name	3Ji2	[helmsymbol]Gold_Helm	10	11	
item name	3JiD	[helmsymbol]Rock_Helm	10	11	
item name	3JiO	[helmsymbol]CeraTopper	11	11	
item name	3JiZ	[helmsymbol]Glow_Helm	10	11	
item name	3Jik	[helmsymbol]Lode_Helm	10	11	
item name	3Jiv	[helmsymbol]Aeon_Helm	10	11	
item name	3Jj6	[helmsymbol]Prism_Helm	11	11	
item name	3JjH	[helmsymbol]Doom_Helm	10	11	
item name	3JjS	[helmsymbol]Dark_Helm	10	11	
item name	3Jjd	[helmsymbol]Gloom_Helm	11	11	
item name	3Jjo	[helmsymbol]Safe_Helm	10	11	
item name	3Jjz	[helmsymbol]Taban_Helm	11	11	
item name	3JkA	[helmsymbol]Sight_Cap	10	11	
item name	3JkL	[helmsymbol]Memory_Cap	11	11	
item name	3JkW	[helmsymbol]Time_Hat	9	11	
item name	3Jkh	[helmsymbol]Vigil_Hat	10	11	
item name	3Jks	[helmsymbol]OzziePants	11	11	
item name	3Jl3	[helmsymbol]Haste_Helm	11	11	
item name	3JlE	[helmsymbol]R'bow_Helm	11	11	
item name	3JlP	[helmsymbol]MermaidCap	11	11	
item name	3Jll	[ringsymbol]Bandana	8	11	
item name	3Jlw	[ringsymbol]Ribbon	7	11	
item name	3Jm7	[ringsymbol]PowerGlove	11	11	
item name	3JmI	[ringsymbol]Defender	9	11	
item name	3JmT	[ringsymbol]MagicScarf	11	11	
item name	3Jme	[ringsymbol]Amulet	7	11	
item name	3Jmp	[ringsymbol]Dash_Ring	10	11	
item name	3Jn0	[ringsymbol]Hit_Ring	9	11	
item name	3JnB	[ringsymbol]Power_Ring	11	11	
item name	3JnM	[ringsymbol]Magic_Ring	11	11	
item name	3JnX	[ringsymbol]Wall_Ring	10	11	
item name	3Jni	[ringsymbol]SilverErng	11	11	
item name	3Jnt	[ringsymbol]Gold_Erng	10	11	
item name	3Jo4	[ringsymbol]SilverStud	11	11	
item name	3JoF	[ringsymbol]Gold_Stud	10	11	
item name	3JoQ	[ringsymbol]SightScope	11	11	
item name	3Job	[ringsymbol]Charm_Top	10	11	
item name	3Jom	[ringsymbol]Rage_Band	10	11	
item name	3Jox	[ringsymbol]FrenzyBand	11	11	
item name	3Jp8	[ringsymbol]Third_Eye	10	11	
item name	3JpJ	[ringsymbol]Wallet	7	11	
item name	3JpU	[ringsymbol]GreenDream	11	11	
item name	3Jpf	[ringsymbol]Berserker	10	11	
item name	3Jpq	[ringsymbol]PowerScarf	11	11	
item name	3Jq1	[ringsymbol]Speed_Belt	11	11	
item name	3JqC	[ringsymbol]Black_Rock	11	11	
item name	3JqN	[ringsymbol]Blue_Rock	10	11	
item name	3JqY	[ringsymbol]SilverRock	11	11	
item name	3Jqj	[ringsymbol]White_Rock	11	11	
item name	3Jqu	[ringsymbol]Gold_Rock	10	11	
item name	3Jr5	[ringsymbol]Hero_Medal	11	11	
item name	3JrG	[ringsymbol]MuscleRing	11	11	
item name	3JrR	[ringsymbol]Flea_Vest	10	11	
item name	3Jrc	[ringsymbol]Magic_Seal	11	11	
item name	3Jrn	[ringsymbol]Power_Seal	11	11	
item name	3Jry	[ringsymbol]Relic	6	11	
item name	3Js9	[ringsymbol]SeraphSong	11	11	
item name	3JsK	[ringsymbol]Sun_Shades	11	11	
item name	3JsV	[ringsymbol]PrismSpecs	11	11	
item name	3Jsr	_Tonic	6	11	
item name	3Jt2	_Mid_Tonic	10	11	
item name	3JtD	_Full_Tonic	11	11	
item name	3JtO	_Ether	6	11	
item name	3JtZ	_Mid_Ether	10	11	
item name	3Jtk	_Full_Ether	11	11	
item name	3Jtv	_Elixir	7	11	
item name	3Ju6	_HyperEther	11	11	
item name	3JuH	_MegaElixir	11	11	
item name	3JuS	_Heal	5	11	
item name	3Jud	_Revive	7	11	
item name	3Juo	_Shelter	8	11	
item name	3Juz	_Power_Meal	11	11	
item name	3JvA	_Lapis	6	11	
item name	3JvL	_Barrier	8	11	
item name	3JvW	_Shield	7	11	
item name	3Jvh	_Power_Tab	10	11	
item name	3Jvs	_Magic_Tab	10	11	
item name	3Jw3	_Speed_Tab	10	11	
item name	3JwE	_Petal	6	11	
item name	3JwP	_Fang	5	11	
item name	3Jwa	_Horn	5	11	
item name	3Jwl	_Feather	8	11	
item name	3Jww	_Seed	5	11	
item name	3Jx7	_Bike_Key	9	11	
item name	3JxI	_Pendant	8	11	
item name	3JxT	_Gate_Key	9	11	
item name	3Jxe	_PrismShard	11	11	
item name	3Jxp	_C._Trigger	11	11	
item name	3Jy0	_Tools	6	11	
item name	3JyB	_Jerky	6	11	
item name	3JyM	_Dreamstone	11	11	
item name	3JyX	_Race_Log	9	11	
item name	3Jyi	_Moon_Stone	11	11	
item name	3Jyt	_Sun_Stone	10	11	
item name	3Jz4	_Ruby_Knife	11	11	
item name	3JzF	_Yakra_Key	10	11	
item name	3JzQ	_Clone	6	11	
item name	3Jzb	_Toma's_Pop	11	11	
item name	3Jzm	_2_Petals	9	11	
item name	3Jzx	_2_Fangs	8	11	
item name	3K08	_2_Horns	8	11	
item name	3K0J	_2_Feathers	11	11	
item type (8px)	HW0O	WEAPON	6	10	
item type (8px)	HW0Q	WEAPON	6	10	
item type (8px)	HW0S	WEAPON	6	10	
item type (8px)	HW0U	WEAPON	6	10	
item type (8px)	HW0W	WEAPON	6	10	
item type (8px)	HW0Y	WEAPON	6	10	
item type (8px)	HW0a	WEAPON	6	10	
item type (8px)	HW0c	WEAPON	6	10	
item type (8px)	HW0e	WEAPON	6	10	
item type (8px)	HW0g	WEAPON	6	10	
item type (8px)	HW0i	WEAPON	6	10	
item type (8px)	HW0k	WEAPON	6	10	
item type (8px)	HW0m	WEAPON	6	10	
item type (8px)	HW0o	WEAPON	6	10	
item type (8px)	HW0q	WEAPON	6	10	
item type (8px)	HW0s	WEAPON	6	10	
item type (8px)	HW0u	WEAPON	6	10	
item type (8px)	HW0w	WEAPON	6	10	
item type (8px)	HW0y	WEAPON	6	10	
item type (8px)	HW10	WEAPON	6	10	
item type (8px)	HW12	WEAPON	6	10	
item type (8px)	HW14	WEAPON	6	10	
item type (8px)	HW16	WEAPON	6	10	
item type (8px)	HW18	WEAPON	6	10	
item type (8px)	HW1A	WEAPON	6	10	
item type (8px)	HW1C	WEAPON	6	10	
item type (8px)	HW1E	WEAPON	6	10	
item type (8px)	HW1G	WEAPON	6	10	
item type (8px)	HW1I	WEAPON	6	10	
item type (8px)	HW1K	WEAPON	6	10	
item type (8px)	HW1M	WEAPON	6	10	
item type (8px)	HW1O	WEAPON	6	10	
item type (8px)	HW1Q	WEAPON	6	10	
item type (8px)	HW1S	WEAPON	6	10	
item type (8px)	HW1U	WEAPON	6	10	
item type (8px)	HW1W	WEAPON	6	10	
item type (8px)	HW1Y	WEAPON	6	10	
item type (8px)	HW1a	WEAPON	6	10	
item type (8px)	HW1c	WEAPON	6	10	
item type (8px)	HW1e	WEAPON	6	10	
item type (8px)	HW1g	WEAPON	6	10	
item type (8px)	HW1i	WEAPON	6	10	
item type (8px)	HW1k	WEAPON	6	10	
item type (8px)	HW1m	WEAPON	6	10	
item type (8px)	HW1o	WEAPON	6	10	
item type (8px)	HW1q	WEAPON	6	10	
item type (8px)	HW1s	WEAPON	6	10	
item type (8px)	HW1u	WEAPON	6	10	
item type (8px)	HW1w	WEAPON	6	10	
item type (8px)	HW1y	WEAPON	6	10	
item type (8px)	HW20	WEAPON	6	10	
item type (8px)	HW22	WEAPON	6	10	
item type (8px)	HW24	WEAPON	6	10	
item type (8px)	HW26	WEAPON	6	10	
item type (8px)	HW28	WEAPON	6	10	
item type (8px)	HW2A	WEAPON	6	10	
item type (8px)	HW2C	WEAPON	6	10	
item type (8px)	HW2E	WEAPON	6	10	
item type (8px)	HW2G	WEAPON	6	10	
item type (8px)	HW2I	WEAPON	6	10	
item type (8px)	HW2K	WEAPON	6	10	
item type (8px)	HW2M	WEAPON	6	10	
item type (8px)	HW2O	WEAPON	6	10	
item type (8px)	HW2Q	WEAPON	6	10	
item type (8px)	HW2S	WEAPON	6	10	
item type (8px)	HW2U	WEAPON	6	10	
item type (8px)	HW2W	WEAPON	6	10	
item type (8px)	HW2Y	WEAPON	6	10	
item type (8px)	HW2a	WEAPON	6	10	
item type (8px)	HW2c	WEAPON	6	10	
item type (8px)	HW2e	WEAPON	6	10	
item type (8px)	HW2g	WEAPON	6	10	
item type (8px)	HW2i	WEAPON	6	10	
item type (8px)	HW2k	WEAPON	6	10	
item type (8px)	HW2m	WEAPON	6	10	
item type (8px)	HW2o	WEAPON	6	10	
item type (8px)	HW2q	WEAPON	6	10	
item type (8px)	HW2s	WEAPON	6	10	
item type (8px)	HW2u	WEAPON	6	10	
item type (8px)	HW2w	WEAPON	6	10	
item type (8px)	HW2y	WEAPON	6	10	
item type (8px)	HW30	WEAPON	6	10	
item type (8px)	HW32	WEAPON	6	10	
item type (8px)	HW34	WEAPON	6	10	
item type (8px)	HW36	WEAPON	6	10	
item type (8px)	HW38	WEAPON	6	10	
item type (8px)	HW3A	WEAPON	6	10	
item type (8px)	HW3C	WEAPON	6	10	
item type (8px)	HW3E	WEAPON	6	10	
item type (8px)	HW3G	WEAPON	6	10	
item type (8px)	HW3I	ARMOR	5	10	
item type (8px)	HW3K	ARMOR	5	10	
item type (8px)	HW3M	ARMOR	5	10	
item type (8px)	HW3O	ARMOR	5	10	
item type (8px)	HW3Q	ARMOR	5	10	
item type (8px)	HW3S	ARMOR	5	10	
item type (8px)	HW3U	ARMOR	5	10	
item type (8px)	HW3W	ARMOR	5	10	
item type (8px)	HW3Y	ARMOR	5	10	
item type (8px)	HW3a	ARMOR	5	10	
item type (8px)	HW3c	ARMOR	5	10	
item type (8px)	HW3e	ARMOR	5	10	
item type (8px)	HW3g	ARMOR	5	10	
item type (8px)	HW3i	ARMOR	5	10	
item type (8px)	HW3k	ARMOR	5	10	
item type (8px)	HW3m	ARMOR	5	10	
item type (8px)	HW3o	ARMOR	5	10	
item type (8px)	HW3q	ARMOR	5	10	
item type (8px)	HW3s	ARMOR	5	10	
item type (8px)	HW3u	ARMOR	5	10	
item type (8px)	HW3w	ARMOR	5	10	
item type (8px)	HW3y	ARMOR	5	10	
item type (8px)	HW40	ARMOR	5	10	
item type (8px)	HW42	ARMOR	5	10	
item type (8px)	HW44	ARMOR	5	10	
item type (8px)	HW46	ARMOR	5	10	
item type (8px)	HW48	ARMOR	5	10	
item type (8px)	HW4A	ARMOR	5	10	
item type (8px)	HW4C	ARMOR	5	10	
item type (8px)	HW4E	ARMOR	5	10	
item type (8px)	HW4G	ARMOR	5	10	
item type (8px)	HW4I	ARMOR	5	10	
item type (8px)	HW4K	ARMOR	5	10	
item type (8px)	HW4M	HELMET	6	10	
item type (8px)	HW4O	HELMET	6	10	
item type (8px)	HW4Q	HELMET	6	10	
item type (8px)	HW4S	HELMET	6	10	
item type (8px)	HW4U	HELMET	6	10	
item type (8px)	HW4W	HELMET	6	10	
item type (8px)	HW4Y	HELMET	6	10	
item type (8px)	HW4a	HELMET	6	10	
item type (8px)	HW4c	HELMET	6	10	
item type (8px)	HW4e	HELMET	6	10	
item type (8px)	HW4g	HELMET	6	10	
item type (8px)	HW4i	HELMET	6	10	
item type (8px)	HW4k	HELMET	6	10	
item type (8px)	HW4m	HELMET	6	10	
item type (8px)	HW4o	HELMET	6	10	
item type (8px)	HW4q	HELMET	6	10	
item type (8px)	HW4s	HELMET	6	10	
item type (8px)	HW4u	HELMET	6	10	
item type (8px)	HW4w	HELMET	6	10	
item type (8px)	HW4y	HELMET	6	10	
item type (8px)	HW50	HELMET	6	10	
item type (8px)	HW52	HELMET	6	10	
item type (8px)	HW54	HELMET	6	10	
item type (8px)	HW56	HELMET	6	10	
item type (8px)	HW58	HELMET	6	10	
item type (8px)	HW5A	ACCESSORY	9	10	
item type (8px)	HW5C	ACCESSORY	9	10	
item type (8px)	HW5E	ACCESSORY	9	10	
item type (8px)	HW5G	ACCESSORY	9	10	
item type (8px)	HW5I	ACCESSORY	9	10	
item type (8px)	HW5K	ACCESSORY	9	10	
item type (8px)	HW5M	ACCESSORY	9	10	
item type (8px)	HW5O	ACCESSORY	9	10	
item type (8px)	HW5Q	ACCESSORY	9	10	
item type (8px)	HW5S	ACCESSORY	9	10	
item type (8px)	HW5U	ACCESSORY	9	10	
item type (8px)	HW5W	ACCESSORY	9	10	
item type (8px)	HW5Y	ACCESSORY	9	10	
item type (8px)	HW5a	ACCESSORY	9	10	
item type (8px)	HW5c	ACCESSORY	9	10	
item type (8px)	HW5e	ACCESSORY	9	10	
item type (8px)	HW5g	ACCESSORY	9	10	
item type (8px)	HW5i	ACCESSORY	9	10	
item type (8px)	HW5k	ACCESSORY	9	10	
item type (8px)	HW5m	ACCESSORY	9	10	
item type (8px)	HW5o	ACCESSORY	9	10	
item type (8px)	HW5q	ACCESSORY	9	10	
item type (8px)	HW5s	ACCESSORY	9	10	
item type (8px)	HW5u	ACCESSORY	9	10	
item type (8px)	HW5w	ACCESSORY	9	10	
item type (8px)	HW5y	ACCESSORY	9	10	
item type (8px)	HW60	ACCESSORY	9	10	
item type (8px)	HW62	ACCESSORY	9	10	
item type (8px)	HW64	ACCESSORY	9	10	
item type (8px)	HW66	ACCESSORY	9	10	
item type (8px)	HW68	ACCESSORY	9	10	
item type (8px)	HW6A	ACCESSORY	9	10	
item type (8px)	HW6C	ACCESSORY	9	10	
item type (8px)	HW6E	ACCESSORY	9	10	
item type (8px)	HW6G	ACCESSORY	9	10	
item type (8px)	HW6I	ACCESSORY	9	10	
item type (8px)	HW6K	ACCESSORY	9	10	
item type (8px)	HW6M	ACCESSORY	9	10	
item type (8px)	HW6O	ACCESSORY	9	10	
item type (8px)	HW6Q	ACCESSORY	9	10	
item type (8px)	HW6S	ITEM	4	10	
item type (8px)	HW6U	ITEM	4	10	
item type (8px)	HW6W	ITEM	4	10	
item type (8px)	HW6Y	ITEM	4	10	
item type (8px)	HW6a	ITEM	4	10	
item type (8px)	HW6c	ITEM	4	10	
item type (8px)	HW6e	ITEM	4	10	
item type (8px)	HW6g	ITEM	4	10	
item type (8px)	HW6i	ITEM	4	10	
item type (8px)	HW6k	ITEM	4	10	
item type (8px)	HW6m	ITEM	4	10	
item type (8px)	HW6o	ITEM	4	10	
item type (8px)	HW6q	ITEM	4	10	
item type (8px)	HW6s	ITEM	4	10	
item type (8px)	HW6u	ITEM	4	10	
item type (8px)	HW6w	ITEM	4	10	
item type (8px)	HW6y	ITEM	4	10	
item type (8px)	HW70	ITEM	4	10	
item type (8px)	HW72	ITEM	4	10	
item type (8px)	HW74	ITEM	4	10	
item type (8px)	HW76	ITEM	4	10	
item type (8px)	HW78	ITEM	4	10	
item type (8px)	HW7A	ITEM	4	10	
item type (8px)	HW7C	ITEM	4	10	
item type (8px)	HW7E	ITEM	4	10	
item type (8px)	HW7G	ITEM	4	10	
item type (8px)	HW7I	ITEM	4	10	
item type (8px)	HW7K	ITEM	4	10	
item type (8px)	HW7M	ITEM	4	10	
item type (8px)	HW7O	ITEM	4	10	
item type (8px)	HW7Q	ITEM	4	10	
item type (8px)	HW7S	ITEM	4	10	
item type (8px)	HW7U	ITEM	4	10	
item type (8px)	HW7W	ITEM	4	10	
item type (8px)	HW7Y	ITEM	4	10	
item type (8px)	HW7a	ITEM	4	10	
item type (8px)	HW7c	ITEM	4	10	
item type (8px)	HW7e	ITEM	4	10	
item type (8px)	HW7g	ITEM	4	10	
item type (8px)	HW7i	ITEM	4	10	
item type (8px)	HW7k	ITEM	4	10	
item type (8px)	HW7m	ITEM	4	10	
item type (8px)	HW7o	ITEM	4	10	
item type (8px)	HW7q	ITEM	4	10	
item type (8px)	HW7s	ITEM	4	10	
item type (8px)	HW7u	ITEM	4	10	
item type (8px)	HW7w	ITEM	4	10	
item type (8px)	HW7y	ITEM	4	10	
item type (8px)	HW80	ITEM	4	10	
item type (8px)	HW82	ITEM	4	10	
item type (8px)	HW84	ITEM	4	10	
item type (8px)	HW86	ITEM	4	10	
item type (8px)	HW88	ITEM	4	10	
item type (8px)	HW8A	ITEM	4	10	
item class	0j06	__Weapon__	10	10	
item class	0j0G	__Helmet__	10	10	
item class	0j0Q	__Armor___	10	10	
item class	0j0a	Accessory	9	10	
tech name	3K2R	Cyclone	7	11	
tech name	3K2c	Slash	5	11	
tech name	3K2n	[starsymbol]Lightning	10	11	
tech name	3K2y	Spincut	7	11	
tech name	3K39	[starsymbol]Lightning2	11	11	
tech name	3K3K	[starsymbol]Life	5	11	
tech name	3K3V	Confuse	7	11	
tech name	3K3g	[starsymbol]Luminaire	10	11	
tech name	3K3r	Aura	4	11	
tech name	3K42	Provoke	7	11	
tech name	3K4D	[starsymbol]Ice	4	11	
tech name	3K4O	[starsymbol]Cure	5	11	
tech name	3K4Z	[starsymbol]Haste	6	11	
tech name	3K4k	[starsymbol]Ice_2	6	11	
tech name	3K4v	[starsymbol]Cure_2	7	11	
tech name	3K56	[starsymbol]Life_2	7	11	
tech name	3K5H	Flame_Toss	10	11	
tech name	3K5S	Hypno_Wave	10	11	
tech name	3K5d	[starsymbol]Fire	5	11	
tech name	3K5o	Napalm	6	11	
tech name	3K5z	[starsymbol]Protect	8	11	
tech name	3K6A	[starsymbol]Fire_2	7	11	
tech name	3K6L	Mega_Bomb	9	11	
tech name	3K6W	[starsymbol]Flare	6	11	
tech name	3K6h	RocketPunch	11	11	
tech name	3K6s	Cure_Beam	9	11	
tech name	3K73	Laser_Spin	10	11	
tech name	3K7E	Robo_Tackle	11	11	
tech name	3K7P	Heal_Beam	9	11	
tech name	3K7a	Uzzi_Punch	10	11	
tech name	3K7l	Area_Bomb	9	11	
tech name	3K7w	Shock	5	11	
tech name	3K87	Slurp	5	11	
tech name	3K8I	Slurp_Cut	9	11	
tech name	3K8T	[starsymbol]Water	6	11	
tech name	3K8e	[starsymbol]Heal	5	11	
tech name	3K8p	Leap_Slash	10	11	
tech name	3K90	[starsymbol]Water_2	8	11	
tech name	3K9B	[starsymbol]Cure_2	7	11	
tech name	3K9M	Frog_Squash	11	11	
tech name	3K9X	Kiss	4	11	
tech name	3K9i	Rollo_Kick	10	11	
tech name	3K9t	Cat_Attack	10	11	
tech name	3KA4	Rock_Throw	10	11	
tech name	3KAF	Charm	5	11	
tech name	3KAQ	Tail_Spin	9	11	
tech name	3KAb	Dino_Tail	9	11	
tech name	3KAm	Triple_Kick	11	11	
tech name	3KAx	[starsymbol]Lightning2	11	11	
tech name	3KB8	[starsymbol]Ice_2	6	11	
tech name	3KBJ	[starsymbol]Fire_2	7	11	
tech name	3KBU	[starsymbol]Dark_Bomb	10	11	
tech name	3KBf	[starsymbol]Magic_Wall	11	11	
tech name	3KBq	[starsymbol]Dark_Mist	10	11	
tech name	3KC1	[starsymbol]Black_Hole	11	11	
tech name	3KCC	[starsymbol]DarkMatter	11	11	
tech name	3KCN	Aura_Whirl	10	11	
tech name	3KCY	Ice_Sword	9	11	
tech name	3KCj	Ice_Sword 2	11	11	
tech name	3KCu	Fire_Whirl	10	11	
tech name	3KD5	Fire_Sword	10	11	
tech name	3KDG	FireSword 2	11	11	
tech name	3KDR	Rocket_Roll	11	11	
tech name	3KDc	Max_Cyclone	11	11	
tech name	3KDn	Super_Volt	10	11	
tech name	3KDy	X_Strike	8	11	
tech name	3KE9	SwordStream	11	11	
tech name	3KEK	Spire	5	11	
tech name	3KEV	Drill_Kick	10	11	
tech name	3KEg	Volt_Bite	9	11	
tech name	3KEr	Falcon_Hit	10	11	
tech name	3KF2	Antipode	8	11	
tech name	3KFD	Antipode_2	10	11	
tech name	3KFO	Antipode_3	10	11	
tech name	3KFZ	Aura_Beam	9	11	
tech name	3KFk	Ice_Tackle	10	11	
tech name	3KFv	Cure_Touch	10	11	
tech name	3KG6	Ice_Water	9	11	
tech name	3KGH	Glacier	7	11	
tech name	3KGS	Double_Cure	11	11	
tech name	3KGd	Twin_Charm	10	11	
tech name	3KGo	Ice_Toss	8	11	
tech name	3KGz	Cube_Toss	9	11	
tech name	3KHA	Fire_Punch	10	11	
tech name	3KHL	Fire_Tackle	11	11	
tech name	3KHW	DoublevBomb	11	11	
tech name	3KHh	Flame_Kick	10	11	
tech name	3KHs	Fire_Whirl	10	11	
tech name	3KI3	Blaze_Kick	10	11	
tech name	3KIE	Blade_Toss	10	11	
tech name	3KIP	Bubble_Snap	11	11	
tech name	3KIa	Cure_Wave	9	11	
tech name	3KIl	Boogie	6	11	
tech name	3KIw	Spin_Kick	9	11	
tech name	3KJ7	Beast_Toss	10	11	
tech name	3KJI	Slurp_Kiss	10	11	
tech name	3KJT	Bubble_Hit	10	11	
tech name	3KJe	Drop_Kick	9	11	
tech name	3KJp	Red_Pin	7	11	
tech name	3KK0	Line_Bomb	9	11	
tech name	3KKB	Frog_Flare	10	11	
tech name	3KKM	Delta_Force	11	11	
tech name	3KKX	Lifeline	8	11	
tech name	3KKi	Arc_Impulse	11	11	
tech name	3KKt	Final_Kick	10	11	
tech name	3KL4	Fire_Zone	9	11	
tech name	3KLF	Delta_Storm	11	11	
tech name	3KLQ	GatlingKick	11	11	
tech name	3KLb	Triple_Raid	11	11	
tech name	3KLm	Twister	7	11	
tech name	3KLx	3D_Attack	9	11	
tech name	3KM8	DarkEternal	11	11	
tech name	3KMJ	Omega_Flare	11	11	
tech name	3KMU	Spin_Strike	11	11	
tech name	3KMf	PoyozoDance	11	11	
tech name	3KMq	Grand_Dream	11	11	
monster name	3PJQ	Nu	2	11	
monster name	3PJb	Reptite	7	11	
monster name	3PJm	Terrasaur	9	11	
monster name	3PJx	Kilwala	7	11	
monster name	3PK8	Krawlie	7	11	
monster name	3PKJ	Hench	5	11	
monster name	3PKU	Omicrone	8	11	
monster name	3PKf	Martello	8	11	
monster name	3PKq	Bellbird	8	11	
monster name	3PL1	Panel	5	11	
monster name	3PLC	Mammon M.	9	11	
monster name	3PLY	Blue Imp	8	11	
monster name	3PLj	Green Imp	9	11	
monster name	3PLu	Stone Imp	9	11	
monster name	3PM5	Mud Imp	7	11	
monster name	3PMG	Roly	4	11	
monster name	3PMR	Poly	4	11	
monster name	3PMc	Rolypoly	8	11	
monster name	3PMn	Roly Rider	10	11	
monster name	3PN9	Blue Eaglet	11	11	
monster name	3PNK	Gold Eaglet	11	11	
monster name	3PNV	Red Eaglet	10	11	
monster name	3PNr	Avian Chaos	11	11	
monster name	3PO2	Imp Ace	7	11	
monster name	3POD	Bantam Imp	10	11	
monster name	3POO	Gnasher	7	11	
monster name	3POZ	Gnawer	6	11	
monster name	3POk	Naga-ette	9	11	
monster name	3PP6	Ruminator	9	11	
monster name	3PPS	Octopod	7	11	
monster name	3PPd	Octoblush	9	11	
monster name	3PPo	Octobino	8	11	
monster name	3PPz	Zeal	4	11	
monster name	3PQA	Fly Trap	8	11	
monster name	3PQL	Meat Eater	10	11	
monster name	3PQW	Man Eater	9	11	
monster name	3PQh	Krakker	7	11	
monster name	3PQs	Egder	5	11	
monster name	3PR3	Defunct	7	11	
monster name	3PRE	Departed	8	11	
monster name	3PRP	Deceased	8	11	
monster name	3PRa	Decedent	8	11	
monster name	3PRl	Macabre	7	11	
monster name	3PRw	Reaper	6	11	
monster name	3PS7	Guard	5	11	
monster name	3PSI	Sentry	6	11	
monster name	3PST	Free Lancer	11	11	
monster name	3PSe	Outlaw	6	11	
monster name	3PSp	Giga Mutant	11	11	
monster name	3PTB	TerraMutant	11	11	
monster name	3PTX	Juggler	7	11	
monster name	3PTi	Retinite	8	11	
monster name	3PTt	Mage	4	11	
monster name	3PUF	Reptite	7	11	
monster name	3PUQ	Blue Shield	11	11	
monster name	3PUb	Yodu De	7	11	
monster name	3PUm	Incognito	9	11	
monster name	3PUx	PeepingDoom	11	11	
monster name	3PV8	Boss Orb	8	11	
monster name	3PVJ	Side Kick	9	11	
monster name	3PVf	Jinn Bottle	11	11	
monster name	3PVq	Evilweevil	10	11	
monster name	3PW1	Tempurite	9	11	
monster name	3PWC	Diablos	7	11	
monster name	3PWN	Gargoyle	8	11	
monster name	3PWY	Grimalkin	9	11	
monster name	3PWj	Hench	5	11	
monster name	3PWu	T'pole	6	11	
monster name	3PX5	Croaker	7	11	
monster name	3PXG	Amphibite	9	11	
monster name	3PXR	Bull Frog	9	11	
monster name	3PXc	Mad Bat	7	11	
monster name	3PXn	Vamp	4	11	
monster name	3PXy	Scouter	7	11	
monster name	3PY9	Flyclops	8	11	
monster name	3PYK	Bugger	6	11	
monster name	3PYV	Debugger	8	11	
monster name	3PYg	Debuggest	9	11	
monster name	3PYr	Sorcerer	8	11	
monster name	3PZ2	Jinn	4	11	
monster name	3PZD	Barghest	8	11	
monster name	3PZZ	Crater	6	11	
monster name	3PZk	Volcano	7	11	
monster name	3PZv	Shitake	7	11	
monster name	3Pa6	Hetake	6	11	
monster name	3PaH	Rubble	6	11	
monster name	3Pad	Shist	5	11	
monster name	3Pao	Pahoehoe	8	11	
monster name	3Paz	Nereid	6	11	
monster name	3PbL	Mohavor	7	11	
monster name	3PbW	Shadow	6	11	
monster name	3Pbs	Base	4	11	
monster name	3Pc3	Acid	4	11	
monster name	3PcE	Alkaline	8	11	
monster name	3PcP	Ion	3	11	
monster name	3Pca	Anion	5	11	
monster name	3Pcl	Thrasher	8	11	
monster name	3Pd7	Lavos Spawn	11	11	
monster name	3PdI	Lasher	6	11	
monster name	3PdT	Goblin	6	11	
monster name	3Pde	Ogre	4	11	
monster name	3Pdp	Cave Bat	8	11	
monster name	3Pe0	Ogan	4	11	
monster name	3PeB	Flunky	6	11	
monster name	3PeM	Groupie	7	11	
monster name	3Pet	Winged Ape	10	11	
monster name	3Pf4	Cave Ape	8	11	
monster name	3PfF	Megasaur	8	11	
monster name	3PfQ	Omnicrone	9	11	
monster name	3Pfb	Beast	5	11	
monster name	3Pfm	Blue Beast	10	11	
monster name	3Pfx	Red Beast	9	11	
monster name	3Pg8	Turret	6	11	
monster name	3PgJ	Lizardactyl	11	11	
monster name	3Pgf	Avian Rex	9	11	
monster name	3Pgq	Blob	4	11	
monster name	3Ph1	Alien	5	11	
monster name	3PhC	Rat	3	11	
monster name	3PhN	Gremlin	7	11	
monster name	3PhY	Runner	6	11	
monster name	3Phj	Proto 2	7	11	
monster name	3Phu	Proto 3	7	11	
monster name	3Pi5	Proto 4	7	11	
monster name	3PiG	Bug	3	11	
monster name	3PiR	Beetle	6	11	
monster name	3Pic	Goon	4	11	
monster name	3Pin	Cyrus	5	11	
monster name	3Piy	Yakra	5	11	
monster name	3Pj9	Rain Frog	9	11	
monster name	3PjK	Gato	4	11	
monster name	3PjV	Dragon Tank	11	11	
monster name	3Pjg	Grinder	7	11	
monster name	3Pjr	Golem	5	11	
monster name	3Pk2	Synchrite	9	11	
monster name	3PkD	Masa	4	11	
monster name	3PkO	Mune	4	11	
monster name	3PkZ	Masa & Mune	11	11	
monster name	3Pkk	Azala	5	11	
monster name	3Pkv	Nizbel	6	11	
monster name	3Pl6	Nizbel II	9	11	
monster name	3PlH	Slash	5	11	
monster name	3PlS	Slash	5	11	
monster name	3Pld	Flea	4	11	
monster name	3Plo	Flea Plus	9	11	
monster name	3Plz	Dalton	6	11	
monster name	3PmA	Dalton Plus	11	11	
monster name	3PmL	Mutant	6	11	
monster name	3PmW	Metal Mute	10	11	
monster name	3Pmh	Super Slash	11	11	
monster name	3Pms	Ozzie	5	11	
monster name	3Pn3	Ozzie	5	11	
monster name	3PnE	Great Ozzie	11	11	
monster name	3PnP	Heckran	7	11	
monster name	3Pna	Gigasaur	8	11	
monster name	3Pnl	Leaper	6	11	
monster name	3Pnw	Fossil Ape	10	11	
monster name	3Po7	Tank Head	9	11	
monster name	3PoI	Frog King	9	11	
monster name	3PoT	Octorider	9	11	
monster name	3Poe	Zeal	4	11	
monster name	3PpB	Zombor	6	11	
monster name	3Ppt	Display	7	11	
monster name	3Pq4	Mega Mutant	11	11	
monster name	3PqQ	Super Slash	11	11	
monster name	3Pqb	Flea Plus	9	11	
monster name	3Pqm	BlackTyrano	11	11	
monster name	3Pqx	Rust Tyrano	11	11	
monster name	3Pr8	MotherBrain	11	11	
monster name	3PrU	Atropos XR	10	11	
monster name	3Prf	Cybot	5	11	
monster name	3Prq	Lavos	5	11	
monster name	3Ps1	Lavos	5	11	
monster name	3PsC	Lavos	5	11	
monster name	3PsN	Lavos	5	11	
monster name	3PsY	Lavos	5	11	
monster name	3Psj	Yakra XIII	10	11	
monster name	3Psu	Tubster	7	11	
monster name	3Pt5	Lavos	5	11	
monster name	3PtG	Lavos	5	11	
monster name	3Ptn	Lavos	5	11	
monster name	3Pty	Lavos Core	10	11	
monster name	3Pu9	Bit	3	11	
monster name	3PuK	Byte	4	11	
monster name	3PuV	Giga Gaia	9	11	
monster name	3Pv2	Guardian	8	11	
monster name	3PvD	Red Scout	9	11	
monster name	3PvO	Blue Scout	10	11	
monster name	3PvZ	Lavos Spawn	11	11	
monster name	3Pvv	Laser Guard	11	11	
monster name	3PxA	Spekkio	7	11	
monster name	3PxL	Spekkio	7	11	
monster name	3PxW	Spekkio	7	11	
monster name	3Pxh	Spekkio	7	11	
monster name	3Pxs	Spekkio	7	11	
monster name	3Py3	Spekkio	7	11	
monster name	3PyE	Lavos	5	11	
monster name	3PyP	Lavos	5	11	
monster name	3Pya	Lavos	5	11	
monster name	3Pyl	Lavos	5	11	
monster name	3Pyw	Lavos	5	11	
monster name	3Pz7	Lavos	5	11	
monster name	3PzI	Lavos	5	11	
monster name	3Pze	Hexapod	7	11	
monster name	3Q00	Flea?	5	11	
monster name	3Q0M	Roly Bomber	11	11	
monster name	3Q0X	Golem Boss	10	11	
monster name	3Q0i	Johnny	6	11	
monster name	3Q0t	Basher	6	11	
monster name	3Q14	Son of Sun	10	11	
monster name	3Q1Q	R Series	8	11	
monster name	3Q1b	Magus	5	11	
monster name	3Q1m	Magus	5	11	
place name	1uXi	Mayor's Manor	13	14	
place name	1uXk	Residence	9	14	
place name	1uXm	Crono's house	13	14	
place name	1uXo	Lucca's house	13	14	
place name	1uXq	Gobb's house	12	14	
place name	1uXs	Truce Inn	9	14	
place name	1uXu	Snail Stop	10	14	
place name	1uXw	Eternal repose	14	14	
place name	1uXy	Breakwave Pt.	13	14	
place name	1uY0	Leene Square	12	14	
place name	1uY2	Market	6	14	
place name	1uY4	Porre Inn	9	14	
place name	1uY6	Ticket Office	13	14	
place name	1uY8	Guardia Forest	14	14	
place name	1uYA	Guardia Castle	14	14	
place name	1uYC	Zenan Bridge	12	14	
place name	1uYE	Melchior's Hut	14	14	
place name	1uYG	Forest Ruins	12	14	
place name	1uYI	Heckran Cave	12	14	
place name	1uYK	Fiona's Shrine	14	14	
place name	1uYM	West Cape	9	14	
place name	1uYO	Sun Keep	8	14	
place name	1uYQ	Hero's Grave	12	14	
place name	1uYS	Truce Canyon	12	14	
place name	1uYU	Cathedral	9	14	
place name	1uYW	Cursed Woods	12	14	
place name	1uYY	Denadoro Mts	12	14	
place name	1uYa	Tata's House	12	14	
place name	1uYc	Fiona's Villa	13	14	
place name	1uYe	Sunken Desert	13	14	
place name	1uYg	Magic Cave	10	14	
place name	1uYi	Magus's Lair	12	14	
place name	1uYk	Ozzie's Fort	12	14	
place name	1uYo	Elder's House	13	14	
place name	1uYq	Northern Ruins	14	14	
place name	1uYu	Bangor Dome	11	14	
place name	1uYw	Trann Dome	10	14	
place name	1uYy	Lab 16	6	14	
place name	1uZ0	Arris Dome	10	14	
place name	1uZ2	Lab 32	6	14	
place name	1uZ4	Proto Dome	10	14	
place name	1uZ6	Factory	7	14	
place name	1uZ8	Sewer Access	12	14	
place name	1uZA	Keeper's Dome	13	14	
place name	1uZC	Death Peak	10	14	
place name	1uZE	Geno Dome	9	14	
place name	1uZG	Sun Palace	10	14	
place name	1uZI	Robot village	13	14	
place name	1uZK	Mystic Mts	10	14	
place name	1uZM	Ioka Hut	8	14	
place name	1uZO	Chief's Hut	11	14	
place name	1uZQ	Meeting Site	12	14	
place name	1uZS	Forest Maze	11	14	
place name	1uZU	Reptite Lair	12	14	
place name	1uZW	Hunting Range	13	14	
place name	1uZY	Dactyl Nest	11	14	
place name	1uZa	Tyrano Lair	11	14	
place name	1uZc	Chanting Mt	11	14	
place name	1uZe	Cave	4	14	
place name	1uZg	Enhasa	6	14	
place name	1uZi	Kajar	5	14	
place name	1uZk	Blackbird	9	14	
place name	1uZm	North Keep	10	14	
place name	1uZo	Terra Cave	10	14	
place name	1uZq	Zeal Palace	11	14	
place name	1uZs	Ocean Palace	12	14	
place name	1uZu	Last Village	12	14	
place name	1uZw	North Cape	10	14	
place name	1uZy	Exoskeleton	11	14	
place name	1ua4	Cafe	4	14	
place name	1ua6	Medina Square	13	14	
place name	1ua8	Black Omen	10	14	
place name	1uaA	Vortex Pt	9	14	
place name	1uaC	Skyway	6	14	
place name	1uaE	Land Bridge	11	14	
place name	1uaG	Ayla's tent	11	14	
place name	1uaI	Laruba ruins	12	14	
place name	1uaK	Lair Ruins	10	14	
place name	1uaM	Commons	7	14	
place name	1uaO	Medina Inn	10	14	
place name	1uaQ	Choras Inn	10	14	
place name	1uaS	Truce Inn	9	14	
place name	1uaU	Dorino Inn	10	14	
place name	1uaW	Porre Inn	9	14	
place name	1uaY	Choras Inn	10	14	
place name	1uaa	Giant's Claw	12	14	
place name	1ub6	A.D. 1000	9	14	
place name	1ub8	A.D. 600	8	14	
place name	1ubA	A.D. 2300	9	14	
place name	1ubC	65000000 B.C.	13	14	
place name	1ubE	12000 B.C.	10	14	
place name	1ubG	??????	6	14	
era name	HYAg	     ???	8	13	
era name	HYAi	  Present	9	13	
era name	HYAk	Middle Ages	11	13	
era name	HYAm	   Future	9	13	
era name	HYAo	Pre-historic	12	13	
era name	HYAq	 Dark Ages	10	13	
era name	HYAs	Black Omen	10	13	
era name	HYAu	End of Time	11	13	
episode name	HXws	   The Millennial Fair	22	22	
episode name	HXwu	  The Queen Returns	19	22	
episode name	HXww	  The Queen is Gone	19	22	
episode name	HXwy	       We're Back!	18	22	
episode name	HXx0	         The Trial	18	22	
episode name	HXx2	    Beyond the Ruins	20	22	
episode name	HXx4	   The Factory Ruins	20	22	
episode name	HXx6	    The End of Time	19	22	
episode name	HXx8	 The Village of Magic	21	22	
episode name	HXxA	   The Hero Appears	19	22	
episode name	HXxC	   Tata and the Frog	20	22	
episode name	HXxE	  The Rare Red Rock	19	22	
episode name	HXxG	   Footsteps! Follow!	21	22	
episode name	HXxI	     The Masamune!	18	22	
episode name	HXxK	      Magus' Castle	19	22	
episode name	HXxM	Forward to the Past	19	22	
episode name	HXxO	Unnatural Selection?	20	22	
episode name	HXxQ	  The Magic Kingdom	19	22	
episode name	HXxS	     Break the Seal!	20	22	
episode name	HXxU	 The Guru on Mt.Woe	19	22	
episode name	HXxW	  What Lies Beyond?	19	22	
episode name	HXxY	     Lavos Beckons	18	22	
episode name	HXxa	      The New King	18	22	
episode name	HXxc	      The Time Egg	18	22	
episode name	HXxe	     The Fated Hour	19	22	
episode name	HXxg	     The Final Battle	21	22	
episode name	HXxi	          No data	17	22	
speaker label		CHANCELLOR	10		
speaker label		MELCHIOR	8		
speaker label		OZZIE	5		
speaker label		KING	4		
speaker label		DALTON	6		
speaker label		OLD MAN	7		
speaker label		SCHALA	6		
speaker label		MOM	3		
speaker label		QUEEN	5		
speaker label		SPEKKIO	7		
speaker label		TOMA	4		
speaker label		SOLDIER	7		
speaker label		TABAN	5		
speaker label		KINO	4		
speaker label		ELDER	5		
speaker label		CYRUS	5		
speaker label		KNIGHT CAPTAIN	14		
speaker label		MASA	4		
speaker label		AZALA	5		
speaker label		DOAN	4		
speaker label		GLENN	5		
speaker label		ROBOT	5		
speaker label		PROPHET	7		
speaker label		MUNE	4		
speaker label		ATROPOS	7		
speaker label		SLASH	5		
speaker label		FLEA	4		
speaker label		JANUS	5		
speaker label		LEENE	5		
speaker label		LARA	4		
speaker label		BELTHASAR	9		
speaker label		GUARD	5		
speaker label		PIERRE	6		
speaker label		GIRL	4		
speaker label		STRANGE CREATURE	16		
speaker label		UNDERLING	9		
speaker label		BOSS	4		
speaker label		FRITZ	5		
speaker label		JOHNNY	6		
speaker label		RX-XR	5		
speaker label		SUPERVISOR	10		
speaker label		CHEF	4		
speaker label		KID	3		
speaker label		FIONA	5		
speaker label		SIR KRAWLIE	11		
speaker label		JUDGE	5		
speaker label		KING GUARDIA	12		
speaker label		GASPAR	6		
speaker label		OPERATOR	8		
speaker label		R-64Y	5		
speaker label		ELAINE	6		
speaker label		DIRECTOR	8		
speaker label		MARCO	5		
speaker label		BOY	3		
speaker label		NIZBEL	6		
speaker label		MAID	4		
speaker label		REAL CHANCELLOR	15		
speaker label		OWNER	5		
speaker label		MISTRESS	8		
speaker label		TATA	4		
speaker label		MERCHANT	8		
speaker label		ROBOTS	6		
speaker label		THE MAN	7		
speaker label		OZZIE VIII	10		
speaker label		NOTE	4		
speaker label		HEADMAN	7		
speaker label		CHIEF	5		
speaker label		GUARDIA	7		
speaker label		CHORUS	6		
speaker label		VILLAGE CHIEF	13		
speaker label		TATA'S FATHER	13		
speaker label		R-67Y	5		
speaker label		R-69Y	5		
speaker label		KING GUARDIA XXI	16		
speaker label		MAN	3		
speaker label		GURU GASPAR	11		
speaker label		ATTENDANTS	10		
speaker label		WAITRESS	8		
speaker label		SERVANT	7		
speaker label		KNIGHT CAPTIAN	14		
speaker label		HERO TATA	9		
speaker label		TOMA XIII	9		
speaker label		SIGN	4		
speaker label		LADY	4		
speaker label		ALL	3		
speaker label		DUMB	4		
speaker label		DUMBER	6		
speaker label		JAILER	6		
